{
  "hash": "739a266a",
  "configHash": "c8656d12",
  "lockfileHash": "d1ba8b2e",
  "browserHash": "97b04339",
  "optimized": {
    "@angular/common": {
      "src": "../../../../../node_modules/@angular/common/fesm2022/common.mjs",
      "file": "@angular_common.js",
      "fileHash": "77c14b2e",
      "needsInterop": false
    },
    "@angular/core": {
      "src": "../../../../../node_modules/@angular/core/fesm2022/core.mjs",
      "file": "@angular_core.js",
      "fileHash": "874eee48",
      "needsInterop": false
    },
    "@angular/platform-browser": {
      "src": "../../../../../node_modules/@angular/platform-browser/fesm2022/platform-browser.mjs",
      "file": "@angular_platform-browser.js",
      "fileHash": "58becd4e",
      "needsInterop": false
    },
    "@angular/router": {
      "src": "../../../../../node_modules/@angular/router/fesm2022/router.mjs",
      "file": "@angular_router.js",
      "fileHash": "416679f3",
      "needsInterop": false
    }
  },
  "chunks": {
    "chunk-QIKVZM4K": {
      "file": "chunk-QIKVZM4K.js"
    },
    "chunk-6B5WMEYP": {
      "file": "chunk-6B5WMEYP.js"
    },
    "chunk-WZJTMI35": {
      "file": "chunk-WZJTMI35.js"
    }
  }
}