{
  "hash": "4d494bbd",
  "configHash": "7840e508",
  "lockfileHash": "5285afb4",
  "browserHash": "02894552",
  "optimized": {
    "@angular/common": {
      "src": "../../../../../node_modules/@angular/common/fesm2022/common.mjs",
      "file": "@angular_common.js",
      "fileHash": "c132d280",
      "needsInterop": false
    },
    "@angular/core": {
      "src": "../../../../../node_modules/@angular/core/fesm2022/core.mjs",
      "file": "@angular_core.js",
      "fileHash": "0b121eba",
      "needsInterop": false
    },
    "@angular/platform-browser": {
      "src": "../../../../../node_modules/@angular/platform-browser/fesm2022/platform-browser.mjs",
      "file": "@angular_platform-browser.js",
      "fileHash": "567fe7d1",
      "needsInterop": false
    },
    "@angular/router": {
      "src": "../../../../../node_modules/@angular/router/fesm2022/router.mjs",
      "file": "@angular_router.js",
      "fileHash": "d88eefcd",
      "needsInterop": false
    }
  },
  "chunks": {
    "chunk-6TAVLA7F": {
      "file": "chunk-6TAVLA7F.js"
    },
    "chunk-EBYPFRY3": {
      "file": "chunk-EBYPFRY3.js"
    },
    "chunk-B5LUOZ3Q": {
      "file": "chunk-B5LUOZ3Q.js"
    }
  }
}