{
  "hash": "a6cb30df",
  "configHash": "6d21f1ab",
  "lockfileHash": "8cd312a3",
  "browserHash": "fbe32afc",
  "optimized": {
    "@angular/common": {
      "src": "../../../../../node_modules/@angular/common/fesm2022/common.mjs",
      "file": "@angular_common.js",
      "fileHash": "d95e367f",
      "needsInterop": false
    },
    "@angular/core": {
      "src": "../../../../../node_modules/@angular/core/fesm2022/core.mjs",
      "file": "@angular_core.js",
      "fileHash": "e24638bc",
      "needsInterop": false
    },
    "@angular/platform-browser": {
      "src": "../../../../../node_modules/@angular/platform-browser/fesm2022/platform-browser.mjs",
      "file": "@angular_platform-browser.js",
      "fileHash": "5d0eb63e",
      "needsInterop": false
    },
    "@angular/router": {
      "src": "../../../../../node_modules/@angular/router/fesm2022/router.mjs",
      "file": "@angular_router.js",
      "fileHash": "b1bbed96",
      "needsInterop": false
    }
  },
  "chunks": {
    "chunk-RWB2BZ5T": {
      "file": "chunk-RWB2BZ5T.js"
    },
    "chunk-YRGNH7G3": {
      "file": "chunk-YRGNH7G3.js"
    },
    "chunk-ORK62JUO": {
      "file": "chunk-ORK62JUO.js"
    }
  }
}