{
  "hash": "73744a0c",
  "configHash": "10d06d28",
  "lockfileHash": "6008529a",
  "browserHash": "35b5f360",
  "optimized": {
    "@angular/common": {
      "src": "../../../../../node_modules/@angular/common/fesm2022/common.mjs",
      "file": "@angular_common.js",
      "fileHash": "8f9eb553",
      "needsInterop": false
    },
    "@angular/core": {
      "src": "../../../../../node_modules/@angular/core/fesm2022/core.mjs",
      "file": "@angular_core.js",
      "fileHash": "2a54098d",
      "needsInterop": false
    },
    "@angular/platform-browser": {
      "src": "../../../../../node_modules/@angular/platform-browser/fesm2022/platform-browser.mjs",
      "file": "@angular_platform-browser.js",
      "fileHash": "e110e1c3",
      "needsInterop": false
    },
    "@angular/router": {
      "src": "../../../../../node_modules/@angular/router/fesm2022/router.mjs",
      "file": "@angular_router.js",
      "fileHash": "1e137e94",
      "needsInterop": false
    },
    "@ng-bootstrap/ng-bootstrap": {
      "src": "../../../../../node_modules/@ng-bootstrap/ng-bootstrap/fesm2022/ng-bootstrap.mjs",
      "file": "@ng-bootstrap_ng-bootstrap.js",
      "fileHash": "5d9ea4d3",
      "needsInterop": false
    }
  },
  "chunks": {
    "chunk-CKJ2FRFV": {
      "file": "chunk-CKJ2FRFV.js"
    },
    "chunk-L42NEIK5": {
      "file": "chunk-L42NEIK5.js"
    },
    "chunk-YUUC2MIQ": {
      "file": "chunk-YUUC2MIQ.js"
    }
  }
}