{
  "hash": "287579d6",
  "configHash": "5c038527",
  "lockfileHash": "26b6b047",
  "browserHash": "ceeb4f89",
  "optimized": {
    "@angular/common": {
      "src": "../../../../../node_modules/@angular/common/fesm2022/common.mjs",
      "file": "@angular_common.js",
      "fileHash": "f85a1422",
      "needsInterop": false
    },
    "@angular/core": {
      "src": "../../../../../node_modules/@angular/core/fesm2022/core.mjs",
      "file": "@angular_core.js",
      "fileHash": "7429aca1",
      "needsInterop": false
    },
    "@angular/platform-browser": {
      "src": "../../../../../node_modules/@angular/platform-browser/fesm2022/platform-browser.mjs",
      "file": "@angular_platform-browser.js",
      "fileHash": "2f26ac17",
      "needsInterop": false
    },
    "@angular/router": {
      "src": "../../../../../node_modules/@angular/router/fesm2022/router.mjs",
      "file": "@angular_router.js",
      "fileHash": "b76d6dfd",
      "needsInterop": false
    }
  },
  "chunks": {
    "chunk-EELNKDCN": {
      "file": "chunk-EELNKDCN.js"
    },
    "chunk-LQX65BWK": {
      "file": "chunk-LQX65BWK.js"
    },
    "chunk-7XNSWP76": {
      "file": "chunk-7XNSWP76.js"
    }
  }
}